buy_and_hold,arima,momentum,random_forest
0.9999999999999943,1.0,1.0,1.0
0.9988699288055092,1.0,1.0,0.9988699288055148
0.9734998304893153,0.9746011992306821,1.0,0.9734998304893209
0.9866651599050685,0.9746011992306821,1.0,0.9866651599050742
0.9845180246355466,0.9724803169966445,1.0,0.9845180246355523
1.0223754096508022,0.9724803169966445,1.0,0.9845180246355523
1.01452141484913,0.9650096215140241,0.992317895434951,0.9845180246355523
1.0090405695558764,0.9650096215140241,0.9869570023212116,0.9845180246355523
1.0442987908238162,0.9650096215140241,1.0214435724549573,0.9845180246355523
0.9983613967679908,0.9225600585721941,0.9765115507903174,0.9845180246355523
0.9872301955023112,0.9225600585721941,0.9765115507903174,0.9735411696435774
0.9520284777940958,0.9225600585721941,0.9765115507903174,0.9388275622324083
0.9583003729234888,0.9225600585721941,0.9765115507903174,0.945012490679663
0.9528195276302354,0.9172836242749357,0.9765115507903174,0.9396076432978276
0.9554751949372757,0.9172836242749357,0.9765115507903174,0.9422264868745933
0.9659283534862642,0.927318956651687,0.9765115507903174,0.9525347009533514
0.9350209063170927,0.8976469198404279,0.9765115507903174,0.9525347009533514
0.9263193581195563,0.8976469198404279,0.9765115507903174,0.9436701648192678
0.9383546163408242,0.8976469198404279,0.9765115507903174,0.9559308544073184
0.9090857724036563,0.8696478167828412,0.9765115507903174,0.9559308544073184
0.8861453271556059,0.8696478167828412,0.9765115507903174,0.9318082907371481
0.8516781557238058,0.8696478167828412,0.9765115507903174,0.8955650300504387
0.8296417674313437,0.8696478167828412,0.9765115507903174,0.8723931092835264
0.8880664481862307,0.8696478167828412,0.9765115507903174,0.9338284069065711
0.8823030850943561,0.8640039867063731,0.9765115507903174,0.9338284069065711
0.8827551135721501,0.8640039867063731,0.9765115507903174,0.9338284069065711
0.8912871510905138,0.8640039867063731,0.9765115507903174,0.9338284069065711
0.8923042151655504,0.8649899174633601,0.9765115507903174,0.9338284069065711
0.8034241157192858,0.8649899174633601,0.9765115507903174,0.9338284069065711
0.837721776471913,0.8649899174633601,0.9765115507903174,0.9736929433009933
0.8358571590010124,0.8649899174633601,0.9765115507903174,0.971525678554674
0.8517911628432544,0.8649899174633601,0.9765115507903174,0.9900459409323132
0.8662560741326656,0.8649899174633601,0.9765115507903174,0.9900459409323132
0.8690247485591545,0.8649899174633601,0.9765115507903174,0.9932102649232913
0.8604927110407907,0.8649899174633601,0.9765115507903174,0.9932102649232913
0.8475533958639347,0.8649899174633601,0.9765115507903174,0.9932102649232913
0.8648999886992832,0.8649899174633601,0.9765115507903174,1.013537968345388
0.8754661543677202,0.8649899174633601,0.9765115507903174,1.0259199896480984
0.8806644818623525,0.8649899174633601,0.9765115507903174,1.0320116792729612
0.8860888235958816,0.8649899174633601,0.9765115507903174,1.03836822496847
0.8661995705729414,0.8649899174633601,0.9765115507903174,1.03836822496847
0.8697027912758455,0.8649899174633601,0.9804609125743354,1.03836822496847
0.8628093569894855,0.8649899174633601,0.9726895877735254,1.03836822496847
0.8914001582099622,0.8649899174633601,0.9726895877735254,1.03836822496847
0.88315063849022,0.8649899174633601,0.9636877698339379,1.0287585798844567
0.8739970618148896,0.8649899174633601,0.9536994512982311,1.0287585798844567
0.9337213244434347,0.8649899174633601,0.9536994512982311,1.0990584130198247
0.9404452480506219,0.8649899174633601,0.9605672415980488,1.106972963770164
0.9408972765284161,0.8654056780581515,0.961028941786272,1.1075050344088424
0.9676234602779922,0.8899875232251888,0.9883269654149593,1.1075050344088424
0.984179003277201,0.9052147550094214,1.0052367348086284,1.1075050344088424
0.9845180246355466,0.905526575455515,1.0055830099497958,1.1078865380376433
0.96587184992654,0.8883764509203725,0.9865378771855952,1.086903838453597
0.9628771612611541,0.88562203697988,0.9834791134386174,1.086903838453597
0.9573398124081764,0.8805289696936862,0.9778232861328852,1.086903838453597
0.9655893321279186,0.888116600548628,0.9862493145679557,1.0962698279722314
0.9615775793874961,0.884426725269855,0.9821517253974763,1.0962698279722314
0.9650808000904004,0.8876488698794879,0.9857299018562048,1.0962698279722314
0.9629336648208783,0.8856740070542289,0.9835368259621452,1.0962698279722314
0.9658153463668158,0.8883244808460238,0.9864801646620672,1.0962698279722314
0.9720307379364846,0.8940411890244044,0.9928285422501341,1.0962698279722314
0.9665498926432312,0.8890000918125596,0.9872304274679297,1.0962698279722314
0.9773420725505653,0.8989263760132025,0.9982535194617548,1.1085104182413004
0.9844615210758222,0.8989263760132025,1.0055252974262676,1.116585362607283
0.985026556673065,0.8994423183744568,1.0061024226615465,1.1172262312077579
0.9880777488981751,0.9022284071252294,1.009218898932052,1.120686921650322
0.978359136625602,0.8933541985116571,0.9992923448852565,1.109663981722155
0.9886427844954178,0.9027443494864835,1.0097960241673307,1.109663981722155
0.9936150977511528,0.9027443494864835,1.0148747262377842,1.109663981722155
0.9918069838399765,0.9011015960498292,1.013027925484892,1.109663981722155
0.986100124307826,0.8959166555153888,1.007198960608576,1.109663981722155
0.9746864052435249,0.8855467744465079,0.9955410308559441,1.109663981722155
0.9770030511922196,0.8876515522872213,0.9979072443205872,1.1123014439395815
1.010848683467053,0.9184018431795957,1.0324770459137877,1.1123014439395815
1.0222058989716296,0.9184018431795957,1.0440772631428916,1.1247985143829495
1.0267261837495705,0.9184018431795957,1.048694265025122,1.1297724727683698
1.0381399028138714,0.9286113623212101,1.0603521947777539,1.1423317176915555
1.0516442535879702,0.9406909418996552,1.0741454879009174,1.1571914183679983
1.06237992993558,0.9502939549536492,1.0851108673712146,1.1690045695333713
1.053960899536665,0.9427631710323592,1.0765117013655605,1.1690045695333713
1.0631709797717197,0.9510015453892066,1.085918842700605,1.179219963562961
1.1023279466606335,0.9860272719493002,1.1259136215054262,1.179219963562961
1.0795005085320315,0.9656082336660712,1.1025977620001624,1.154800215483642
1.066448186235727,0.9539329914793734,1.089266169065222,1.154800215483642
1.0554299920894956,0.9440772675555374,1.0780122269772852,1.154800215483642
1.0649225901231718,0.9525683527822268,1.087707930929969,1.1651865550200868
1.0663351791162783,0.9538319071314366,1.0891507440181663,1.1651865550200868
1.0732851169623625,0.9600485945295483,1.0962493844120955,1.1651865550200868
1.0805740761667926,0.9665685349714705,1.1036942999471921,1.1730996408636032
1.0962820657701375,0.9806192593346826,1.119738381487943,1.1901526475651343
1.1037970392134642,0.9873413684724783,1.127414147117151,1.19831110041155
1.1057181602440893,0.9890598023874037,1.1293763729170991,1.200396719936198
1.1131201265679675,0.9956808271772626,1.1369367134992514,1.208432489281164
1.1306362300824888,1.0113489011074632,1.1548275957928942,1.2274484320058932
1.1272460164990332,1.0083163706693599,1.1513648443812214,1.2237679269623973
1.1335744151881506,1.0139770941538195,1.157828647016344,1.2237679269623973
1.1241383207141986,1.0055365511010985,1.1481906555871877,1.2135810441091064
1.1236862922364046,1.0051322137093515,1.1477289553989647,1.213093049720925
1.1257204203864781,1.0069517319722134,1.1498066062459684,1.2152890244677421
1.1258334275059265,1.0070528163201502,1.1499220312930243,1.2154110230647874
1.1477568086789403,1.026663179819885,1.1723144904218419,1.2390787508915948
1.1518815685388115,1.0303527585195775,1.1765275046393773,1.2435316996837518
1.1556673070403372,1.0337390841754597,1.1803942437157453,1.2476186526847726
1.1723358571589944,1.0486490254961343,1.19741943815647,1.2656134457489687
1.170527743247818,1.0470316759291458,1.1955726374035778,1.2636614681962424
1.1599050740196568,1.0375297472230887,1.1847226829803363,1.2521936000739748
1.154367725166679,1.0325766141741866,1.179066855674604,1.2462156688187505
1.1561193355181314,1.0341434215672065,1.1808559439039683,1.248106647072954
1.1338569329867718,1.0142298050236611,1.1581172096339831,1.248106647072954
1.1895129393151702,1.0640138463825244,1.2149640453089456,1.248106647072954
1.1817719516329463,1.0640138463825244,1.207057429585626,1.2399843493981966
1.1964628771612544,1.0772408891776215,1.222062685702875,1.2553989289269334
1.1779862131314207,1.0606053392007109,1.203190690509258,1.2360121308273297
1.1462312125663854,1.0320145774666933,1.1707562522865893,1.2360121308273297
1.1464572268052824,1.0322180704327717,1.1709871023807008,1.2360121308273297
1.1341394507853932,1.0211277037814979,1.1584057722516228,1.222732158204345
1.1141371906430044,1.003118576283558,1.1379755389227533,1.2011674320183976
1.0493841111989997,0.9448178415020914,1.1379755389227533,1.1313561997893133
1.0659961577579329,0.9597745745088551,1.1379755389227533,1.1313561997893133
1.078765962255616,0.9597745745088551,1.1379755389227533,1.144908966732618
1.0740196632387782,0.9597745745088551,1.1379755389227533,1.144908966732618
1.0679172787885578,0.9543213098809638,1.1379755389227533,1.144908966732618
1.0345236749915188,0.9244798340005591,1.1379755389227533,1.144908966732618
1.0543564244547348,0.9422029440412055,1.1379755389227533,1.1668579015364384
1.0327720646400667,0.9422029440412055,1.1379755389227533,1.1429704568211694
1.0151429540060968,0.9261198212410711,1.1379755389227533,1.1234602925511066
1.0112442083851225,0.9225629767756567,1.1379755389227533,1.1191455446836889
1.007062944965527,0.918748389957676,1.1379755389227533,1.1145181339273278
1.002260142388965,0.9143667699640496,1.1379755389227533,1.1092028648152914
1.007458469883597,0.9191092292512688,1.1379755389227533,1.1149558619718485
0.9892078200926603,0.9191092292512688,1.1379755389227533,1.1149558619718485
0.979206690021466,0.909816812870537,1.1379755389227533,1.1036833888143107
1.0150299468866482,0.9431015133529327,1.1379755389227533,1.1440604960565652
1.0314159792066842,0.9431015133529327,1.1379755389227533,1.1440604960565652
1.0465589332127865,0.9431015133529327,1.1379755389227533,1.1608572645973323
1.074415188156848,0.9431015133529327,1.1379755389227533,1.1608572645973323
1.0881455531698436,0.9431015133529327,1.1379755389227533,1.1608572645973323
1.1007458469883542,0.9431015133529327,1.1511528442078178,1.1742995311881104
1.0972426262854498,0.9431015133529327,1.1474891987922393,1.1705622194005398
1.0970166120465528,0.9429072496908795,1.1472528345718795,1.1703211025110192
1.0890496101254319,0.936059455603503,1.138920995804193,1.1703211025110192
1.0955475194937219,0.9416445358875333,1.1457164671395401,1.177303925318364
1.1213131427279857,0.9637905933616018,1.1726619882605689,1.177303925318364
1.1180359362639785,0.9637905933616018,1.1692347070653504,1.173863077363289
1.1270200022601362,0.971535208732527,1.1786301848246565,1.173863077363289
1.1231777601988864,0.9682230461839553,1.1746119930785381,1.173863077363289
1.122047689004401,0.967248880728493,1.1734301719767388,1.1726820097736288
1.105040117527398,0.9525876906237857,1.155643764394656,1.1726820097736288
1.1289411232907611,0.9731912900068129,1.1806392806977157,1.1980460477208725
1.1286021019324155,0.9731912900068129,1.1802847343671758,1.1976862741329684
1.1183184540625997,0.9643237214285991,1.1695301623408,1.1867731419665417
1.138829246242507,0.9820101356807506,1.1909802153384614,1.208539444034744
1.14549666628997,0.9820101356807506,1.1979529598390783,1.2156149912635257
1.154989264323646,0.9901479397943186,1.2078802570941942,1.2256886517248422
1.1539722002486092,0.9892760322107219,1.2068166181025746,1.2246093309611297
1.1301842016046948,0.9688830826166019,1.181939283909695,1.1993652175431875
1.1370776358910548,0.9747926784609787,1.1891483926306718,1.2066806138305721
1.148321844276183,0.984432101190741,1.2009075125935769,1.2066806138305721
1.1399593174369922,0.9772630832811692,1.1921620364402605,1.1978930957059388
1.148717369194253,0.9847711763621397,1.201321149979207,1.1978930957059388
1.159509549101587,0.9940230846103034,1.2126075415013922,1.2091472807172439
1.1554977963611643,0.9905838935861169,1.208412076590004,1.2049637878596382
1.1489998869928741,0.9850133729131387,1.2016166052546569,1.1981877078790095
1.1620522092891787,0.9962028535692948,1.2152666389804412,1.1981877078790095
1.1447056164538303,0.9813319853379531,1.1971256850678187,1.1803017005699141
1.1708667646061637,1.0037593859604652,1.2244848435744773,1.2072763630588756
1.1800203412814942,1.0037593859604652,1.2340575944990533,1.2167145818995058
1.1790597807661816,1.0029423054413438,1.2330530465625236,1.2157241515273407
1.1697366934116784,0.9950118180498732,1.2233030224726777,1.2061111508563287
1.1738049497118255,0.9984723943661514,1.227557578439156,1.2103059147854978
1.1847666402983323,1.0077967249961233,1.2390212431266112,1.221608473150203
1.1796813199231486,1.0034710046007755,1.2337030481685134,1.221608473150203
1.2037518363656843,1.0239460811387548,1.2588758376368427,1.2465344818465334
1.1777036953327995,1.0239460811387548,1.2316348612403643,1.2195605616375937
1.1527856254943998,1.0022812429781163,1.205575705945685,1.2195605616375937
1.0924398237088877,0.9498140158679982,1.1424664591095912,1.2195605616375937
1.1131201265679675,0.9677943577428139,1.1424664591095912,1.2426473085890448
1.124646852751717,0.9677943577428139,1.1424664591095912,1.2426473085890448
1.1494519154706684,0.9677943577428139,1.1424664591095912,1.2700549738056142
1.1356650468979483,0.9677943577428139,1.128763376180685,1.2700549738056142
1.1327833653520107,0.9653386379435758,1.128763376180685,1.2700549738056142
1.1807548875579095,1.0062191498955957,1.128763376180685,1.3238397240430926
1.1456096734094183,1.0062191498955957,1.0951656913462886,1.3238397240430926
1.139902813877268,1.0012066648578914,1.0951656913462886,1.3238397240430926
1.1667985083060168,1.0248298616692504,1.0951656913462886,1.3238397240430926
1.1885523787998578,1.0248298616692504,1.0951656913462886,1.3238397240430926
1.1886088823595822,1.0248298616692504,1.0952177553202056,1.3238397240430926
1.2014916939767137,1.0359375441402805,1.107088341373305,1.3238397240430926
1.200474629901677,1.0359375441402805,1.1061511898427974,1.3227190922225145
1.1449881342524515,0.9880560291094156,1.0550243674562012,1.2615824006776348
1.1667420047462926,1.0068283135156102,1.0550243674562012,1.2615824006776348
1.1535766753305394,1.0068283135156102,1.0550243674562012,1.2615824006776348
1.1613176630127633,1.0135845575865172,1.0550243674562012,1.2700481524846898
1.1809809017968065,1.0135845575865172,1.0550243674562012,1.2700481524846898
1.1794553056842516,1.0135845575865172,1.0536614825262305,1.268407498921842
1.1622782235280757,1.0135845575865172,1.038316407759153,1.2499349551031085
1.1819979658718434,1.0307814953890302,1.0559329574095149,1.2711419215265884
1.2051079217990666,1.0307814953890302,1.0765781402375894,1.2959947847563975
1.2049949146796182,1.0307814953890302,1.0764771857983322,1.295873254862853
1.2101367386145259,1.0351799346688015,1.0810706127845298,1.3014028650191187
1.2244321392247643,1.0351799346688015,1.0938413493505514,1.3167763965524724
1.2633630918747811,1.0351799346688015,1.1286201536746183,1.3167763965524724
1.260509662108706,1.0351799346688015,1.126071054083377,1.3138023275857968
1.236015368968238,1.0150642611955099,1.1041891793744032,1.2882724484362151
1.2425132783365282,1.0204005990257947,1.1099940596316857,1.2882724484362151
1.2470335631144691,1.0204005990257947,1.114032237201969,1.2882724484362151
1.2587297999773917,1.0299711891480576,1.1244810216650778,1.2882724484362151
1.2485026556673002,1.0299711891480576,1.1153446449123114,1.2778052709362397
1.2302520058763633,1.0149150389808408,1.0990405029722916,1.2591262746241285
1.2358458582890652,1.0195297723138268,1.1040377477155174,1.2648514159086455
1.229969488077742,1.0195297723138268,1.098788116874149,1.2588371260744053
1.2488981805853698,1.0352198896293878,1.1156979854497109,1.2588371260744053
1.242456774776804,1.0352198896293878,1.109943582412057,1.25234445845587
1.2364108938863079,1.0301824378039142,1.1045425199118029,1.25234445845587
1.265510227144303,1.0544281171508212,1.1305382880205028,1.25234445845587
1.2690134478472073,1.0544281171508212,1.1336678756374725,1.2558112333107285
1.2372019437224477,1.0544281171508212,1.1052492009866022,1.2243306809996755
1.2477116058311604,1.0633851700276045,1.1146379638375112,1.2243306809996755
1.2826873093004787,1.0633851700276045,1.1458833627875797,1.2243306809996755
1.2829698270991001,1.0633851700276045,1.1461357488857224,1.2246003454816365
1.2679398802124464,1.0509276497586297,1.1327088084645298,1.2102541950413075
1.2828003164199273,1.0632446716787063,1.145984317226837,1.2102541950413075
1.3000904056955516,1.0632446716787063,1.1614303464331712,1.2265664790426571
1.3346705842468,1.0632446716787063,1.1923224048458403,1.2591910470453564
1.3327494632161752,1.0632446716787063,1.19060617937847,1.2591910470453564
1.3296417674313408,1.0607654052632092,1.1878299322989,1.2562548742557902
1.3242739292575358,1.056483036000078,1.1830345964341886,1.2562548742557902
1.3294157531924438,1.0605850949784459,1.1876280234203862,1.261132597238991
1.3358006554412853,1.0656788605230125,1.1933319492384118,1.2671895499543944
1.358967114928233,1.0841606647112632,1.2140276092861146,1.28916610405453
1.3558594191433986,1.0841606647112632,1.2112513622065448,1.286218029724024
1.374053565374611,1.0987089116706326,1.2275050269269359,1.3034776648953499
1.3763137077635814,1.0987089116706326,1.2295241157120778,1.3056217189539
1.3932647756808603,1.112240920599986,1.244667281600641,1.3217021243930234
1.407221154932753,1.123382274618487,1.2571351548488914,1.3349416582045686
1.3746751045315777,1.0974008174741283,1.2280602763428499,1.3349416582045686
1.374505593852405,1.0972654973848348,1.2279088446839643,1.3349416582045686
1.4055825517007492,1.1220741804219827,1.2556713154796635,1.365124093130677
1.4454740648660784,1.1220741804219827,1.2913082325374154,1.403867364144918
1.4549666628997546,1.1220741804219827,1.299788405435011,1.403867364144918
1.452876031189957,1.1204618796578811,1.297920748308755,1.403867364144918
1.4534975703469237,1.120941212317479,1.298475997724669,1.4044679374349112
1.4658718499265373,1.1304842898131067,1.30953050882332,1.4044679374349112
1.4698836026669597,1.1335781642523284,1.3131143914169465,1.4044679374349112
1.4815233359701578,1.1425547576957042,1.3235126986604266,1.4044679374349112
1.4801672505367756,1.1415089409838546,1.3223012453893415,1.4031823832587693
1.4943496440275656,1.1524464407619486,1.3349710275161062,1.4031823832587693
1.4840094925980254,1.144472088334095,1.3257336963240824,1.4031823832587693
1.5016386032319953,1.15806770558814,1.3414825888481883,1.4031823832587693
1.5092100802350465,1.1639068488959674,1.3482465362784133,1.410257429893202
1.5046332918973813,1.160377217493475,1.3441578814885011,1.410257429893202
1.4871171883828598,1.1468687516320841,1.3285099434036525,1.410257429893202
1.4804497683353968,1.1417268194654902,1.3225536314874842,1.410257429893202
1.4791501864617387,1.1407245784499676,1.3213926554360276,1.410257429893202
1.5050853203751753,1.1607258230640916,1.3445616992455294,1.410257429893202
1.4933325799525288,1.1516620782280618,1.3340624375627923,1.410257429893202
1.5133913436546418,1.1671314504241705,1.3519818505309251,1.410257429893202
1.5100576336309104,1.1645604843408737,1.3490036945728412,1.407150904043303
1.4925980336761135,1.1510955941758099,1.3334062337076213,1.407150904043303
1.4659848570459857,1.130571441205761,1.309631463262577,1.3820612585328398
1.478924172222842,1.1405502756646595,1.3211907465575135,1.3942598335262497
1.5006215391569584,1.1572833430542533,1.3405739988948742,1.3942598335262497
1.529607865295505,1.1796376752700388,1.3664688125643172,1.3942598335262497
1.50819301616001,1.1631224863620804,1.3473379463250992,1.3942598335262497
1.5170075714769946,1.1699202949891028,1.355212392587152,1.4024085123075358
1.5299468866538506,1.179899129448001,1.3667716758820885,1.4024085123075358
1.5338456322748246,1.1829058524945686,1.3702546040364578,1.4024085123075358
1.5546954458130775,1.1989852844392563,1.3888806980793906,1.4024085123075358
1.5813086224432051,1.2195094374093052,1.4126554685244348,1.426414851006313
1.5844163182280397,1.2219061007072938,1.4154317156040046,1.426414851006313
1.580630579726514,1.2189865290533803,1.4120497418888922,1.4230066346439356
1.5822126793987932,1.220206648550538,1.4134631040384913,1.4244309638700037
1.5789354729347862,1.2176792581635683,1.4105354253000357,1.4214805676160054
1.6047010961690498,1.2375497756887108,1.4335530374506518,1.4214805676160054
1.6062266922816046,1.2387263194895415,1.4349159223806223,1.4228319751978937
1.6380946999660888,1.2633030122180076,1.4633850742511212,1.4510613780195638
1.637473160809122,1.2628236795584098,1.4628298248352072,1.4510613780195638
1.647191773081695,1.2703186993266653,1.4715119066113167,1.4596736125612948
1.6592270313029627,1.2796003226443307,1.4822635543921967,1.4596736125612948
1.6970844163182188,1.3087960391834659,1.5160832915433213,1.4596736125612948
1.680585376878734,1.2960719358559623,1.5013439434117866,1.4596736125612948
1.6939767205333842,1.3063993758854773,1.5133070444637515,1.4596736125612948
1.6860097186122631,1.3002552027033607,1.5061897564961269,1.4596736125612948
1.7131314272799092,1.3211715369403532,1.530418821917828,1.4596736125612948
1.749519719742334,1.3492342853749846,1.5629261513586106,1.4596736125612948
1.7534749689230322,1.3522845841178792,1.5664595567326085,1.4596736125612948
1.7909368290202181,1.3811752707827247,1.599925953346333,1.4596736125612948
1.766753305458234,1.36252487275474,1.5783217033453165,1.4596736125612948
1.7591818284551828,1.356685729446913,1.5715577559150915,1.4596736125612948
1.7812182167476454,1.3736802510144694,1.591243871570224,1.477958211677981
1.8009379590914127,1.388888169032616,1.6088604212205857,1.477958211677981
1.788733190190972,1.3794758186259692,1.5979573417808202,1.477958211677981
1.7951180924398136,1.3843998723109279,1.6036612675988458,1.4832337993179852
1.803763137077626,1.3910669538489693,1.6113842822020132,1.4832337993179852
1.7985648095829938,1.3870579897868789,1.606740377996187,1.4832337993179852
1.7456774776810842,1.3462711380247439,1.55949370042387,1.4396188693389824
1.7950615888800894,1.3843562966146008,1.6036107903792174,1.4803447761783504
1.8326364560967237,1.4133341346721005,1.637178141432199,1.4803447761783504
1.8299807887896835,1.4112860769447284,1.6348057121096577,1.4781996135563988
1.7488416770256427,1.3487113770190597,1.5623204247230686,1.4126580491920864
1.7440388744490807,1.345007442831259,1.5580298610546426,1.4087784997694077
1.801616001808104,1.3894110773885404,1.609466147856129,1.4552874510836378
1.816306927336412,1.4007407584335778,1.6225902249595503,1.4552874510836378
1.8375522657927346,1.417125220252555,1.6415696595398828,1.4552874510836378
1.8082834218555668,1.3945530095551342,1.615422459772297,1.4321073859054043
1.8168719629336547,1.4011765153968485,1.623094997155836,1.4389092583129168
1.8059102723471478,1.3927228303093975,1.6133024165478984,1.4302279211612232
1.8487964741778629,1.4257967838216417,1.651614626245963,1.4641925340382098
1.8356311447621099,1.4156436465774351,1.6398534340725124,1.4537659796240625
1.8360831732399039,1.4159922521480515,1.6402572518295404,1.4541239729086681
1.8024635552039678,1.3900647128334465,1.6102233061505569,1.4541239729086681
1.828568199796577,1.4101966845365517,1.6335437816189444,1.4751836994128626
1.8098090179681219,1.3957295533559655,1.6167853447022678,1.4751836994128626
1.7688439371680318,1.3641371735188417,1.5801893604715733,1.4417928726231555
1.6848231438580537,1.2993401130804925,1.5801893604715733,1.3733071354696453
1.6277545485365486,1.2553286597901545,1.5801893604715733,1.326790259528122
1.6535766753305365,1.2752427530116242,1.5801893604715733,1.326790259528122
1.5454853655780227,1.1918824459379445,1.5801893604715733,1.2400603853959746
1.5445813086224347,1.1911852347967116,1.5801893604715733,1.2400603853959746
1.6883828681206823,1.3020853819490978,1.5801893604715733,1.3555108419672637
1.6347609899423572,1.260732046134711,1.5801893604715733,1.3124607503027634
1.7105887670923174,1.3192106306056353,1.5801893604715733,1.3124607503027634
1.6551022714430919,1.3192106306056353,1.5801893604715733,1.2698883628813025
1.6331223867103535,1.3016914125493197,1.5801893604715733,1.2698883628813025
1.50395524918069,1.1987378586245458,1.5801893604715733,1.169450180078595
1.6122725731721008,1.2850729254984703,1.5801893604715733,1.2536759003029125
1.556277545485357,1.2850729254984703,1.5801893604715733,1.2536759003029125
1.4025878630353634,1.158165967020605,1.5801893604715733,1.1298695448287839
1.5706294496553197,1.2969237958857416,1.5801893604715733,1.2652372290861584
1.3685727200813576,1.2969237958857416,1.5801893604715733,1.1024682852716423
1.428749011187697,1.3539496760153118,1.5801893604715733,1.1509439354848583
1.3937733077183785,1.3539496760153118,1.5801893604715733,1.1227688862060032
1.3830941349304928,1.3435756342280296,1.5801893604715733,1.1141661651822496
1.2952876031189893,1.2582779573103746,1.5801893604715733,1.043432681209163
1.2677703695332736,1.2315469607473772,1.5801893604715733,1.0212658815341995
1.394959882472588,1.35510234732501,1.5801893604715733,1.1237247440975315
1.3872753983500885,1.35510234732501,1.5801893604715733,1.1237247440975315
1.4602779975138351,1.426411903888382,1.5801893604715733,1.1237247440975315
1.3998191886088747,1.426411903888382,1.5801893604715733,1.0772000003974713
1.439767205333928,1.4671188230798362,1.5801893604715733,1.0772000003974713
1.4368290202282663,1.4671188230798362,1.5801893604715733,1.0750017193244887
1.3612272573172033,1.3899232988641446,1.5801893604715733,1.0184382563312069
1.383941688326357,1.4131165729558548,1.5801893604715733,1.035432660010803
1.3640524353034165,1.4131165729558548,1.5801893604715733,1.0205519881321519
1.4830489320827132,1.5363933014528115,1.5801893604715733,1.0205519881321519
1.4658718499265373,1.5363933014528115,1.5801893604715733,1.0205519881321519
1.5033902135834474,1.575716631528927,1.5801893604715733,1.0205519881321519
1.5142388970505058,1.575716631528927,1.5915922378050023,1.0205519881321519
1.5439597694654676,1.575716631528927,1.5915922378050023,1.0205519881321519
1.6219346818849498,1.575716631528927,1.67197274240412,1.0205519881321519
1.6071307492371931,1.575716631528927,1.6567120958787802,1.0205519881321519
1.6199005537348763,1.5882368283691175,1.6698758596754473,1.0205519881321519
1.5979206690021384,1.5882368283691175,1.6472178768572903,1.0205519881321519
1.5647530794439963,1.5552702435652748,1.6130270390314336,1.0205519881321519
1.5163860323200278,1.50719631410686,1.5631678274829952,1.0205519881321519
1.5600632839868827,1.55060886956405,1.608192559406994,1.0205519881321519
1.5540174030963863,1.55060886956405,1.6019601579634388,1.0165969333429399
1.5988812295174508,1.5953742930609,1.6482080714791636,1.0459456576666246
1.600011300711936,1.5953742930609,1.6493730063284262,1.0466849202440474
1.5740761667984995,1.5695143220005845,1.6226377515378498,1.0297188440921945
1.6257769239461997,1.6210652447025207,1.675933520891613,1.063540107009287
1.660074584698827,1.6210652447025207,1.711289293566732,1.0859767262340685
1.6333484009492507,1.6210652447025207,1.6837385843816721,1.0684931662780195
1.6564583568764741,1.6440014084373715,1.707561502049092,1.0836110859863155
1.6813199231551494,1.6440014084373715,1.7331900687328685,1.0836110859863155
1.698666515990498,1.6440014084373715,1.751071818669049,1.094790969149301
1.7162391230647436,1.6440014084373715,1.769186555575082,1.106116518542423
1.7523448977285472,1.6440014084373715,1.8064062240090213,1.1293866988067482
1.779918634873987,1.6440014084373715,1.834830634331028,1.1293866988067482
1.7595773533732528,1.6440014084373715,1.8138618070443018,1.1293866988067482
1.73833201491693,1.6241515471749697,1.7919610318781651,1.1293866988067482
1.7490111877048158,1.6341292699903793,1.8029696662036967,1.1293866988067482
1.7386710362752755,1.624468300280221,1.792310512332944,1.1227097663947292
1.7796361170753658,1.6627426338313946,1.8345394006187121,1.149162094256553
1.76935246920555,1.6627426338313946,1.8239384934904228,1.1425216478139986
1.803763137077626,1.6950799354857131,1.8594107596504685,1.1425216478139986
1.7903152898632515,1.6950799354857131,1.845548034944244,1.1340036466180041
1.8018420160470008,1.7059935004798454,1.857430370406722,1.1340036466180041
1.7896372471465605,1.6944379610742937,1.8448490740346866,1.126322477949514
1.7974347383885085,1.7018206668056186,1.8528871244945984,1.131229891265494
1.7982257882246482,1.7025696369522745,1.853702578889082,1.131229891265494
1.796474177873196,1.7009112030561073,1.851896929872725,1.130127986265361
1.8185670697253826,1.7218288692948613,1.8746714061758083,1.130127986265361
1.8269861001242975,1.7218288692948613,1.8833501708028142,1.1353598977133503
1.8370437337552163,1.7313076080446135,1.8937180909612512,1.1353598977133503
1.8212227370324228,1.7163972324832055,1.877409003071575,1.1255819458383582
1.8730930048592958,1.7652819637881068,1.9308795126527274,1.1255819458383582
1.884167702565251,1.7652819637881068,1.9422958741755005,1.1322369703145065
1.9436659509548995,1.8210260382758678,2.0036296939891756,1.1679907497705486
1.9936716013108713,1.8210260382758678,2.0551780610690447,1.1679907497705486
1.897954571137971,1.8210260382758678,1.9565080793365044,1.1679907497705486
1.9143406034580073,1.8367479064241268,1.9733996346508118,1.1780746234660968
1.938015594982473,1.859463295231438,1.9978050197428627,1.1926440823572506
1.9893773307718274,1.859463295231438,2.0507513086418467,1.1926440823572506
1.9866086563453387,1.859463295231438,2.0478972182611535,1.1909842448193189
1.9873997061814785,1.8602037169195762,2.0487126726556375,1.1909842448193189
1.9760424906769019,1.8495733769684537,2.037005077420549,1.1909842448193189
2.027743247824602,1.8979652230146087,2.0903008467743116,1.2221449043186232
2.0710249745733864,1.8979652230146087,2.1349178515010685,1.2482313143475492
2.034467171431789,1.8979652230146087,2.0972322091274243,1.2261974928218116
2.0614758729799862,1.9231617840489081,2.1250741520247995,1.2261974928218116
1.9981353825290882,1.9231617840489081,2.059779553723632,1.1885215968275882
2.044185783704362,1.9674842921505922,2.1072506488310823,1.1885215968275882
2.0612498587410895,1.9674842921505922,2.1248411650549475,1.198442917028869
2.057351113120115,1.963762899163794,2.1208221398249916,1.196176125327252
2.057351113120115,1.963762899163794,2.1208221398249916,1.196176125327252
2.1123855802915465,2.0162938668325077,2.177554466984079,1.196176125327252
2.105831167363532,2.0162938668325077,2.170797844858356,1.1924645717485984
2.154876257204192,2.063253620955522,2.221356017316352,1.2202372312854195
2.1625607413266916,2.063253620955522,2.2292775742913378,1.2245887078948754
2.1679285795004963,2.068374962214132,2.234811014825335,1.2276283422911862
2.157927449429302,2.0588330948165114,2.2245013414093613,1.2219650234685857
2.193637699175036,2.0929034914001052,2.261313282646059,1.2421865912419392
2.2087241496214136,2.0929034914001052,2.276865162883714,1.2507295637031501
2.1815459373940436,2.0671504451129867,2.248848479758949,1.2353394148123542
2.1771386597355513,2.0629742754448057,2.2443052338468252,1.2328437149922253
2.223019550231652,2.106449272503309,2.291601588726886,1.2328437149922253
2.192338117301378,2.106449272503309,2.259973607569407,1.2158283847621774
2.198497005311322,2.1123668748410114,2.2663225024978875,1.2192439851214318
2.0984292010396537,2.01621940933577,2.1631675215956863,1.2192439851214318
2.093230873545022,2.0112247358030304,2.1578088212890782,1.2192439851214318
2.142840998982924,2.058891294082873,2.2089494611717053,1.2192439851214318
2.1076392812747087,2.058891294082873,2.1726617406171758,1.2192439851214318
2.1480393264775564,2.098356919006314,2.2143081614783133,1.2426149255616836
2.1740309639507167,2.098356919006314,2.2411016630113525,1.2426149255616836
2.4016273025200454,2.098356919006314,2.4757195416528357,1.2426149255616836
2.4621426149847303,2.098356919006314,2.5381018028308464,1.2739258747729711
2.478585150864491,2.098356919006314,2.555051604887617,1.2739258747729711
2.4875692168606482,2.105962781180253,2.564312836939254,1.2739258747729711
2.5743586845971156,2.179438279917172,2.65377983336262,1.2739258747729711
2.5113007119448385,2.179438279917172,2.588776468773768,1.2739258747729711
2.5478020115267124,2.211116019344025,2.626403864404949,1.2739258747729711
2.472030737936476,2.1453577398217183,2.548294982761893,1.2739258747729711
2.554186913775554,2.2166571719063075,2.632985746303283,1.2739258747729711
2.5993897615549635,2.2166571719063075,2.679583140273786,1.2739258747729711
2.5970731156062685,2.2166571719063075,2.6771950238327973,1.2739258747729711
2.5902926884393573,2.2108699330265837,2.670205414737222,1.2705999146534672
